{
	"type": "Fracker",
	"name": "水生成機",
	"description": "内部に発電機があり、そこで発電した電力で地面から水を組み上げます。",
	"health": 300,
	"result": "water",
	"consumes":
	{
		"power": 0,
		"items": {
		"items": [
            {"item": "coal", "amount": 1}
        ]
	}
	},
	"size": 2,
	"pumpAmount": 0.25
	"requirements": [
		{"item": "copper", "amount": 100},
		{"item": "lead", "amount": 50},
   {"item": "graphite", "amount": 50}
	],
	"category": "production",
	"research": "laser-drill",
	"liquidCapacity": 60
}
