{
	"type": "Fracker",
	"name": "容器開封機(水)",
	"description": "液体を銅と鉛の容器から取り出す装置。",
	"health": 300,
	"result": "water",
	"consumes":
	{
		"power": 0.833,
		"items": {
		"items": [
            {"item": "WaterBottle", "amount": 1}
        ]
	}
	},
	"size": 2,
	"pumpAmount": 0.334,
                "NHK": true,
	"requirements": [
		{"item": "copper", "amount": 75},
		{"item": "lead", "amount": 75},
	],
	"category": "production",
	"research": "WaterZip",
	"liquidCapacity": 30
}
